StartDate,EndDate,Status,IPAddress,Progress,Duration (in seconds),Finished,RecordedDate,ResponseId,RecipientLastName,RecipientFirstName,RecipientEmail,ExternalReference,LocationLatitude,LocationLongitude,DistributionChannel,UserLanguage,Q1,Q2,Q3,Q4,Q4_4_TEXT,Q5,Q9,Q10,Q11,Q12,Q13,Q17,Q18,Q19,Q20,Q21,Q22,Q24_1,Q24_2,Q24_3,Q24_4,Q24_5,Q24_6,Q24_7,Q24_8,Q24_9,Q24_10,Q25,Q26,Q27,Q28,Q29,Q30,Q31,group
Start Date,End Date,Response Type,IP Address,Progress,Duration (in seconds),Finished,Recorded Date,Response ID,Recipient Last Name,Recipient First Name,Recipient Email,External Data Reference,Location Latitude,Location Longitude,Distribution Channel,User Language,What is your age?,Gender,Field of Study,What's the level of degree you are currently persuing? - Selected Choice,What's the level of degree you are currently persuing? - Other: - Text,Is English your first language?,"On a scale of 1 to 5, how would you rate your proficiency in English?",Have you previously studied or been trained in legal terminology or legal studies?,"How often do you read legal texts? (1: Never, 5: Frequently)",Are you currently under any academic stress or facing tight deadlines?,"How would you rate your overall concentration level today? (1: Very poor, 5: Excellent)","On a scale of 1 to 5, how easy was the text to read? (1 = Very Difficult, 5 = Very Easy)",Do you feel this text was simpler to understand compared to other legal texts you've read? (Yes/No),Was the language used in the text clear and straightforward?,"What, if anything, made the text difficult to understand?",Did you find the text length appropriate for understanding the content?,"Did the structure of the text (e.g., headings, paragraphs) help in understanding the content?","Statements - If you disagree with the terms of the license, you can still use the software for up to 30 days while seeking clarification.","Statements - The software may only be used on Apple-branded hardware, unless otherwise specified in additional licenses.","Statements - You are allowed to make unlimited backup copies of the software, provided they are for personal use only.",Statements - Purchasing the software gives you full ownership of the code and associated intellectual property.,"Statements - Apple may collect data when using certain features like Maps and Siri, and some of this data may be shared with third parties in aggregated forms.",Statements - Apple ensures the accuracy and reliability of all third-party content provided through its software.,Statements - Apple does not guarantee that the software will work without interruptions or errors.,Statements - Apple can terminate your license.,Statements - You are required to comply with local laws when using Apple software.,"Statements - Apple may update, add, or remove software features without notice, and you are required to accept all updates to continue using the software.",What is the main purpose of the licensing terms described in the text?,"In your own words, summarize the key point of the text.",Did you find the text engaging?,Do you feel you could explain the main points of the text to someone else?,"After reading the text, do you feel confident about understanding the topic? (Yes/No)","How much effort did it take to understand the text? (1: Very Little Effort, 5: A Lot of Effort)",Did you have to re-read parts of the text to understand it?,group
"{""ImportId"":""startDate"",""timeZone"":""America/Denver""}","{""ImportId"":""endDate"",""timeZone"":""America/Denver""}","{""ImportId"":""status""}","{""ImportId"":""ipAddress""}","{""ImportId"":""progress""}","{""ImportId"":""duration""}","{""ImportId"":""finished""}","{""ImportId"":""recordedDate"",""timeZone"":""America/Denver""}","{""ImportId"":""_recordId""}","{""ImportId"":""recipientLastName""}","{""ImportId"":""recipientFirstName""}","{""ImportId"":""recipientEmail""}","{""ImportId"":""externalDataReference""}","{""ImportId"":""locationLatitude""}","{""ImportId"":""locationLongitude""}","{""ImportId"":""distributionChannel""}","{""ImportId"":""userLanguage""}","{""ImportId"":""QID1""}","{""ImportId"":""QID2""}","{""ImportId"":""QID3""}","{""ImportId"":""QID4""}","{""ImportId"":""QID4_4_TEXT""}","{""ImportId"":""QID5""}","{""ImportId"":""QID9""}","{""ImportId"":""QID10""}","{""ImportId"":""QID11""}","{""ImportId"":""QID12""}","{""ImportId"":""QID13""}","{""ImportId"":""QID17""}","{""ImportId"":""QID18""}","{""ImportId"":""QID19""}","{""ImportId"":""QID20_TEXT""}","{""ImportId"":""QID21""}","{""ImportId"":""QID22""}","{""ImportId"":""QID24_1""}","{""ImportId"":""QID24_2""}","{""ImportId"":""QID24_3""}","{""ImportId"":""QID24_4""}","{""ImportId"":""QID24_5""}","{""ImportId"":""QID24_6""}","{""ImportId"":""QID24_7""}","{""ImportId"":""QID24_8""}","{""ImportId"":""QID24_9""}","{""ImportId"":""QID24_10""}","{""ImportId"":""QID25""}","{""ImportId"":""QID26_TEXT""}","{""ImportId"":""QID27""}","{""ImportId"":""QID28""}","{""ImportId"":""QID29""}","{""ImportId"":""QID30""}","{""ImportId"":""QID31""}","{""ImportId"":""group""}"
2025-01-19 05:42:36,2025-01-19 05:43:31,Survey Preview,,100,55,True,2025-01-19 05:43:32,R_2b29YR5BH9PUtn0,,,,,51.9949,4.169,preview,EN,18-20,Female,,Master's,,Yes,3 - Advanced,2,4 - Occasionally,1,4 - Above average,,,,,,,,,,,,,,,,,,,,,,,,
2025-01-19 05:46:09,2025-01-19 05:46:24,IP Address,62.45.38.59,100,15,True,2025-01-19 05:46:24,R_8HuxlMXvSqLru5g,,,,,51.9949,4.169,anonymous,EN,18-20,Prefer not to say,,Bachelor's,,No,4 - Superior,1,3 - Rarely,1,1 - Very poor,,,,,,,,,,,,,,,,,,,,,,,,
2025-01-19 05:48:15,2025-01-19 05:48:42,Survey Preview,,100,26,True,2025-01-19 05:48:42,R_21aIFMiw4mftkry,,,,,51.9949,4.169,preview,EN,25-30,,,,,,1 - Novice,,5 - Frequently,,2 - Below average,,,,,,,,,,,,,,,,,,,,,,,,
2025-01-19 06:58:16,2025-01-19 06:58:34,Survey Preview,,100,18,True,2025-01-19 06:58:34,R_2CmfWFbHmuISxeR,,,,,51.9949,4.169,preview,EN,30+,Non-binary / third gender,,Bachelor's,,No,,,4 - Occasionally,1,,,,,,,,,,,,,,,,,,,,,,,,,
2025-01-19 07:00:08,2025-01-19 07:00:24,Survey Preview,,100,16,True,2025-01-19 07:00:24,R_21XFzsc2VIJTF4i,,,,,51.9949,4.169,preview,EN,18-20,,,PhD,,,2 - Intermediate,,,,,,,,,,,,,,,,,,,,,,,,,,,,
2025-01-20 05:59:54,2025-01-20 06:07:42,IP Address,145.109.6.93,100,467,True,2025-01-20 06:07:43,R_2Ho7NZ6NJkFqBxt,,,,,52.3824,4.8995,anonymous,EN,21-24,Female,(Natural) Sciences/Mathematics/IT,Master's,,No,3 - Advanced,No,3 - Rarely,Yes,3 - Average,4,Yes,No,hgjgik,Yes,Yes,,,,,,,,,,,,,No,Yes,No,4 - Medium effort,Yes,
2025-01-25 08:11:56,2025-01-25 08:21:20,IP Address,77.63.127.140,100,563,True,2025-01-25 08:21:20,R_2KK5czBNhh8WYoz,,,,,51.8895,4.468,anonymous,EN,25-30,Male,(Natural) Sciences/Mathematics/IT,Master's,,No,4 - Superior,No,2 - Very rarely,Yes,3 - Average,5,Yes,Yes,N/A,No,Yes,False,True,False,False,,,True,True,True,True,To outline how the software can be used and what is prohibited.,"You are the user of a product that Apple is the owner of. Only you may use the copy that you purchased, and to a reasonable degree Apple can change functionalities of the product or collect data. ",No,Yes,Yes,2 - Little effort,I'm not sure,
2025-01-25 08:56:04,2025-01-25 09:11:26,IP Address,62.163.187.60,100,922,True,2025-01-25 09:11:27,R_26DuAVQP0cLaWVX,,,,,52.4452,4.8406,anonymous,EN,21-24,Male,(Natural) Sciences/Mathematics/IT,Other:,"secondary vocational education ",No,3 - Advanced,No,3 - Rarely,Yes,1 - Very poor,5,Yes,Yes,,Yes,Yes,,True,False,False,True,False,False,True,True,True,To outline how the software can be used and what is prohibited.,,No,No,I'm not sure,3 - Neutral,Yes,
2025-01-25 08:12:43,2025-01-25 13:32:03,IP Address,109.38.151.202,100,19159,True,2025-01-25 13:32:03,R_2jIccmHuBzKlAJh,,,,,51.9222,4.3967,anonymous,EN,21-24,Male,(Natural) Sciences/Mathematics/IT,Master's,,No,3 - Advanced,No,3 - Rarely,Yes,3 - Average,3,I’m not sure / I haven’t read other legal texts,Yes,,Yes,Yes,,True,,,True,,,True,True,True,To outline how the software can be used and what is prohibited.,,No,No,No,4 - Medium effort,I'm not sure,
2025-01-25 20:26:19,2025-01-25 20:31:35,IP Address,158.62.54.145,100,315,True,2025-01-25 20:31:36,R_4CW9WOkiHUWe6uh,,,,,10.3387,123.8998,anonymous,EN,21-24,Male,(Natural) Sciences/Mathematics/IT,Master's,,No,4 - Superior,No,2 - Very rarely,No,3 - Average,5,I’m not sure / I haven’t read other legal texts,Yes,,Yes,Yes,False,False,False,False,True,False,True,True,True,True,To outline how the software can be used and what is prohibited.,"It is from Apple, works on apple, only on apple.",No,Yes,Yes,2 - Little effort,Yes,
2025-01-26 00:03:38,2025-01-26 00:10:59,IP Address,89.205.129.198,100,441,True,2025-01-26 00:11:00,R_2DSTnOvpj6XeX2Z,,,,,52.3672,4.918,anonymous,EN,21-24,Female,Medicine,Master's,,No,4 - Superior,No,1 - Never,No,3 - Average,4,Yes,Yes,,Yes,Yes,False,False,False,True,True,True,True,False,True,False,To outline how the software can be used and what is prohibited.,,No,Yes,Yes,3 - Neutral,Yes,
2025-01-26 03:06:49,2025-01-26 03:20:48,IP Address,193.32.249.135,100,838,True,2025-01-26 03:20:48,R_25xRKmospIsqMpj,,,,,52.3385,4.9168,anonymous,EN,21-24,Male,Humanities,Bachelor's,,No,4 - Superior,No,4 - Occasionally,No,3 - Average,4,Yes,Yes,The amount of text that was there and i did not care enough about ti read it all,No,Yes,True,True,False,,True,True,,True,True,True,To outline how the software can be used and what is prohibited.,Terms and conditions of apple software,No,No,No,3 - Neutral,No,
2025-01-26 03:20:12,2025-01-26 03:24:40,IP Address,92.109.217.212,100,268,True,2025-01-26 03:24:40,R_2OfeCHYgoeHlAZG,,,,,52.4329,4.9129,anonymous,EN,21-24,Female,Medicine,Master's,,No,2 - Intermediate,No,2 - Very rarely,Yes,3 - Average,3,Yes,Yes,,Yes,Yes,False,False,False,False,,False,False,True,True,False,To outline how the software can be used and what is prohibited.,,No,Yes,Yes,3 - Neutral,Yes,1
2025-01-26 03:33:49,2025-01-26 03:38:24,IP Address,172.225.252.195,100,275,True,2025-01-26 03:38:25,R_8pKb9Bm9xWmG3Wo,,,,,52.3803,4.6422,anonymous,EN,21-24,Male,(Natural) Sciences/Mathematics/IT,Master's,,No,4 - Superior,No,2 - Very rarely,Yes,3 - Average,4,I’m not sure / I haven’t read other legal texts,Yes,,No,Yes,False,True,True,False,True,True,True,True,True,True,To outline how the software can be used and what is prohibited.,,No,Yes,Yes,3 - Neutral,Yes,
2025-01-26 03:34:27,2025-01-26 03:39:47,IP Address,80.112.182.188,100,320,True,2025-01-26 03:39:48,R_2Eh6VfVykywnfq1,,,,,52.352,4.9392,anonymous,EN,21-24,Male,Humanities,Master's,,Yes,5 - Distinguished,No,4 - Occasionally,No,2 - Below average,2,No,Yes,"Font, and not justifying the text.",I’m not sure,Yes,True,True,True,False,True,False,True,,True,,To outline how the software can be used and what is prohibited.,,No,No,No,5 - A lot of effort,Yes,1
2025-01-26 02:57:09,2025-01-26 04:53:08,IP Address,84.82.94.8,100,6959,True,2025-01-26 04:53:09,R_8Pd50VXfLZiE7lu,,,,,52.0499,4.3966,anonymous,EN,21-24,Male,(Natural) Sciences/Mathematics/IT,Bachelor's,,No,4 - Superior,No,2 - Very rarely,Yes,4 - Above average,1,No,No,Long sentences and text length,No,Yes,False,True,,False,,,True,,True,True,To outline how the software can be used and what is prohibited.,Providing Apple it's rights and the restrictions on the consumer,No,No,No,4 - Medium effort,Yes,1
2025-01-26 05:48:49,2025-01-26 05:53:14,IP Address,94.190.204.222,100,265,True,2025-01-26 05:53:15,R_8CKCmWVEgPk4Mfh,,,,,52.3191,4.976,anonymous,EN,21-24,Female,Social/Behavioral sciences,Master's,,No,4 - Superior,No,2 - Very rarely,No,3 - Average,5,Yes,Yes,,Yes,Yes,False,True,False,False,True,False,,True,True,True,To outline how the software can be used and what is prohibited.,The software is only for personal use and data may be shared to third parties,Yes,Yes,Yes,1 - Very little effort,No,
2025-01-26 05:49:17,2025-01-26 05:55:08,IP Address,62.194.160.59,100,351,True,2025-01-26 05:55:09,R_8pwfd1pXBeP14m5,,,,,52.3583,4.8488,anonymous,EN,21-24,Male,Social/Behavioral sciences,Master's,,No,3 - Advanced,No,3 - Rarely,No,3 - Average,5,Yes,Yes,No its feels like ChatGPT,Yes,Yes,False,True,False,False,True,False,True,True,False,False,To outline how the software can be used and what is prohibited.,"To give boundaries on what clients can expect ",No,Yes,Yes,3 - Neutral,No,
2025-01-26 08:38:02,2025-01-26 08:48:08,IP Address,62.163.187.60,100,606,True,2025-01-26 08:48:09,R_2eJLVM2Z6CMu9Za,,,,,52.4452,4.8406,anonymous,EN,21-24,Female,(Natural) Sciences/Mathematics/IT,Master's,,No,4 - Superior,No,1 - Never,Yes,3 - Average,2,No,Yes,Length,No,Yes,,,,,True,False,True,False,,True,To outline how the software can be used and what is prohibited.,,No,No,No,4 - Medium effort,Yes,
2025-01-26 09:31:11,2025-01-26 09:32:02,Survey Preview,,100,51,True,2025-01-26 09:32:03,R_2Vyj3EnA3Ybthv2,,,,,52.3665,4.9353,preview,EN,18-20,Female,,Other:,this is a test,No,3 - Advanced,Yes,4 - Occasionally,No,3 - Average,3,I’m not sure / I haven’t read other legal texts,I’m not sure,,I’m not sure,Yes,True,True,True,True,True,True,True,True,True,True,To provide detailed instructions on how to install the software.,,No,No,No,3 - Neutral,No,1
2025-01-26 12:43:05,2025-01-26 12:45:52,IP Address,62.163.187.60,100,167,True,2025-01-26 12:45:52,R_2uLtTwYlWhwisbD,,,,,52.4452,4.8406,anonymous,EN,21-24,Male,(Natural) Sciences/Mathematics/IT,Other:,Secondary vocational education,No,3 - Advanced,No,3 - Rarely,Yes,1 - Very poor,4,Yes,Yes,,Yes,Yes,,,,,,,,,,,To outline how the software can be used and what is prohibited.,,No,I'm not sure,I'm not sure,3 - Neutral,I'm not sure,3
2025-01-27 03:13:41,2025-01-27 03:23:15,IP Address,172.225.253.128,100,573,True,2025-01-27 03:23:15,R_82dRh7277AjHStr,,,,,52.3759,4.8975,anonymous,EN,21-24,Female,(Natural) Sciences/Mathematics/IT,Other:,I’m finished with my Master’s.,No,4 - Superior,No,2 - Very rarely,No,3 - Average,1,No,No,"Particularly the phrasing. I know what the words mean individually, but in this context and the way the sentences where phrased it just felt like a blur to read.",I’m not sure,Yes,,True,,,,,,,True,True,To outline how the software can be used and what is prohibited.,"Basically, you don’t really have any rights if you’re using apple software because to continue using it, you have to meet all of the requirements that apple provides.",No,No,No,5 - A lot of effort,Yes,3
2025-01-20 05:30:49,2025-01-20 06:05:34,IP Address,145.109.55.99,48,2084,False,2025-01-27 06:05:37,R_8h4LQccH7I0TUF3,,,,,52.3824,4.8995,anonymous,EN,25-30,,,,,,,,,,5 - Excellent,,,,,,,,,,,,,,,,,,,,,,,,
2025-01-27 06:12:20,2025-01-27 06:18:55,IP Address,143.177.171.192,100,395,True,2025-01-27 06:18:56,R_8wqp9m8sjKmmy9H,,,,,52.0941,5.0504,anonymous,EN,21-24,Male,(Natural) Sciences/Mathematics/IT,Master's,,No,4 - Superior,No,2 - Very rarely,Yes,2 - Below average,5,Yes,Yes,,Yes,Yes,False,False,False,False,True,False,True,True,True,False,To outline how the software can be used and what is prohibited.,"The outlines what you can and cannot do with the software, and what to expect from Apple and third parties in terms of updates, reliability and data handling",No,Yes,Yes,1 - Very little effort,No,2
2025-01-27 06:18:11,2025-01-27 06:24:43,IP Address,146.50.223.201,100,392,True,2025-01-27 06:24:44,R_8rwd6FqfLXdfpE0,,,,,52.3782,4.853,anonymous,EN,21-24,Female,(Natural) Sciences/Mathematics/IT,Master's,,Yes,5 - Distinguished,No,2 - Very rarely,No,4 - Above average,5,Yes,Yes,,Yes,Yes,False,False,False,False,True,False,True,True,True,False,To outline how the software can be used and what is prohibited.,"Rules to be followed and changes to expect when installing and using the software, including 3rd party contact ",Yes,Yes,Yes,1 - Very little effort,No,2
2025-01-27 06:18:33,2025-01-27 06:29:41,IP Address,213.93.85.107,100,667,True,2025-01-27 06:29:41,R_2qOQI9ynnU2VwKo,,,,,51.8431,5.9935,anonymous,EN,25-30,Male,(Natural) Sciences/Mathematics/IT,Master's,,No,3 - Advanced,Yes,4 - Occasionally,Yes,4 - Above average,5,Yes,Yes,"The text was simple, but too ambiguous ",No,Yes,,False,False,False,,False,True,True,True,False,To outline how the software can be used and what is prohibited.,Legal protection for Apple's side to avoid misuse or combat abuse,No,No,No,2 - Little effort,No,2
2025-01-27 06:33:10,2025-01-27 06:38:11,IP Address,80.113.229.13,100,301,True,2025-01-27 06:38:12,R_2htI1Ky57HExDnF,,,,,52.3385,4.9168,anonymous,EN,21-24,Male,(Natural) Sciences/Mathematics/IT,Master's,,No,4 - Superior,No,2 - Very rarely,No,3 - Average,5,Yes,Yes,,I’m not sure,Yes,False,True,,False,True,False,True,True,True,True,To outline how the software can be used and what is prohibited.,,No,Yes,No,2 - Little effort,Yes,2
2025-01-27 06:37:00,2025-01-27 06:44:36,IP Address,86.92.114.172,100,456,True,2025-01-27 06:44:37,R_2SkvX35Wz2uRIh0,,,,,52.5507,4.9157,anonymous,EN,25-30,Male,(Natural) Sciences/Mathematics/IT,Master's,,No,3 - Advanced,No,2 - Very rarely,Yes,4 - Above average,5,Yes,Yes,,Yes,Yes,False,True,False,False,False,False,True,True,True,True,To outline how the software can be used and what is prohibited.,,Yes,Yes,Yes,1 - Very little effort,No,2
2025-01-27 06:39:28,2025-01-27 06:52:04,IP Address,145.109.7.153,100,756,True,2025-01-27 06:52:05,R_2nqNRHBuBeWQW2T,,,,,52.3824,4.8995,anonymous,EN,21-24,Male,(Natural) Sciences/Mathematics/IT,Master's,,No,5 - Distinguished,No,4 - Occasionally,Yes,3 - Average,5,Yes,Yes,There were a lot of things left out which could cause ambiguity. Especially in how things are enforced. For example how long do I have to remove the program or how should the user be informed that they should remove the program.,No,Yes,,True,False,False,,False,True,False,True,,To outline how the software can be used and what is prohibited.,You are only allowed to use the program on apple devices and the user has no insurances of the quality of the product.,Yes,Yes,No,2 - Little effort,No,2
2025-01-27 06:50:43,2025-01-27 06:54:49,IP Address,185.133.109.104,100,246,True,2025-01-27 06:54:49,R_82tXExj32wAU35D,,,,,51.3537,5.622,anonymous,EN,21-24,Male,Economics/Business Administration,Master's,,No,5 - Distinguished,No,1 - Never,Yes,3 - Average,5,Yes,Yes,,Yes,Yes,False,True,False,False,True,False,True,True,True,True,To outline how the software can be used and what is prohibited.,,I'm not sure,Yes,Yes,2 - Little effort,Yes,2
2025-01-27 07:03:43,2025-01-27 07:06:55,IP Address,89.205.142.25,100,191,True,2025-01-27 07:06:56,R_2CIpfyz1VVwCUNe,,,,,52.3766,4.835,anonymous,EN,21-24,Male,(Natural) Sciences/Mathematics/IT,Master's,,No,5 - Distinguished,No,1 - Never,Yes,3 - Average,5,Yes,Yes,,Yes,Yes,,,,,,,,,,,To outline how the software can be used and what is prohibited.,What is allowed and what isn't in using Apple Services,No,No,I'm not sure,2 - Little effort,Yes,2
2025-01-27 07:02:56,2025-01-27 07:07:44,IP Address,145.109.40.113,100,288,True,2025-01-27 07:07:45,R_8TAGaC86BpwcPXA,,,,,52.3824,4.8995,anonymous,EN,21-24,Female,(Natural) Sciences/Mathematics/IT,Master's,,No,2 - Intermediate,No,1 - Never,Yes,3 - Average,4,I’m not sure / I haven’t read other legal texts,No,,No,Yes,False,True,False,,True,False,,False,True,False,To outline how the software can be used and what is prohibited.,To list all the terms and coditions in a simpler form for Apple,No,Yes,No,3 - Neutral,Yes,2
2025-01-27 07:02:49,2025-01-27 07:09:26,IP Address,145.109.9.193,100,397,True,2025-01-27 07:09:26,R_2kOcDOOrsS6PKij,,,,,52.3824,4.8995,anonymous,EN,21-24,Male,(Natural) Sciences/Mathematics/IT,Master's,,No,3 - Advanced,No,1 - Never,Yes,2 - Below average,4,I’m not sure / I haven’t read other legal texts,Yes,"Nothing, Amber was watching me while giving this answer!!!! POEPIEIEIEIEIEIEIE",Yes,Yes,True,True,True,True,True,True,True,True,True,True,To explain how Apple services work with third-party applications.,"Here are the key points from the text:

1. **Security Mechanisms**: It’s prohibited to interfere with Apple's security mechanisms, including digital signing and rights management, and to enable others to do so.

2. **Apple Software Components**: Some components and third-party open-source software may be available on Apple's Open Source website. AMR encoding is restricted from use in cellular communications infrastructure.

3. **Australian Consumer Rights**: The license does not affect statutory rights under Australian Consumer Law, which includes consumer guarantees.

4. **Apple Products and Services**: Services require compatible operating software, an active Apple Account, and internet or cellular access. Fees may apply.

5. **Gracenote Data**: Users must not exploit Gracenote data, software, or servers, and terms are incorporated into the software settings.

6. **Liability**: Apple and its affiliates do not assume liability or endorse any third-party products or services.

7. **Apple Software Support**: Support is only provided for Apple-branded hardware that meets Apple's system requirements.

8. **Exceptions**: There are specific exceptions for Apple Pay, Maps, and Wallet in the license agreement.

9. **Third-Party Decisions**: Decisions by issuers, merchants, or third parties regarding Supported Cards are separate from Apple’s responsibilities.

10. **Apple Software Changes**: Apple may make changes to its software, but exceptions apply.

11. **iCloud Service**: Users must agree to the latest terms for iCloud services, including using Supported Cards for purchases on a Mac.

12. **Device Connections**: Limitations on remote device connections for controlling or observing Apple Software; only one device can control at a time, but multiple can observe.

13. **Losses and Damages**: Apple isn’t liable for loss of profits, data corruption, or business interruptions due to using their software or third-party software.

14. **Modified Apple Software**: Apple isn’t obligated to update, maintain, or provide support for modified Apple Software, and no portion of the software can be modified.

15. **Content Caching**: Users can remove or disable caching features for Apple Eligible Content.

16. **Proprietary Notices**: Users must not remove or alter trademark or copyright notices from Apple Software.

17. **Automatic Download**: The document references automatic downloading but provides no further details.",No,Yes,Yes,2 - Little effort,No,3
2025-01-27 07:08:00,2025-01-27 07:14:00,IP Address,80.114.165.15,100,360,True,2025-01-27 07:14:01,R_2P6QDpy2393W6Zj,,,,,52.3474,4.9284,anonymous,EN,25-30,Male,(Natural) Sciences/Mathematics/IT,Master's,,No,4 - Superior,No,2 - Very rarely,Yes,4 - Above average,2,I’m not sure / I haven’t read other legal texts,No,,Yes,Yes,False,True,False,False,True,False,True,,True,True,To outline how the software can be used and what is prohibited.,,No,No,No,4 - Medium effort,Yes,3
2025-01-27 07:11:47,2025-01-27 07:20:01,IP Address,217.62.236.171,100,493,True,2025-01-27 07:20:01,R_2phhnK9hgJswBnQ,,,,,52.1477,4.4844,anonymous,EN,21-24,Female,(Natural) Sciences/Mathematics/IT,Master's,,No,2 - Intermediate,No,2 - Very rarely,Yes,3 - Average,4,No,No,"Use of multiple difficult words in one sentence, makes the entire sentence hard to read",Yes,Yes,,True,,False,True,True,True,True,True,True,To outline how the software can be used and what is prohibited.,Would not know how to do that with all those points,No,No,No,5 - A lot of effort,Yes,3
2025-01-27 06:17:56,2025-01-27 08:02:14,IP Address,104.28.30.62,100,6257,True,2025-01-27 08:02:14,R_8LNLpfLC3PLCdz2,,,,,51.4549,7.0083,anonymous,EN,25-30,Female,(Natural) Sciences/Mathematics/IT,Master's,,No,4 - Superior,No,3 - Rarely,Yes,2 - Below average,2,Yes,Yes,"It was hard to stay focused on the text, even if the language did not seem to be difficult to me",Yes,I’m not sure,False,True,,False,True,False,False,True,True,False,To outline how the software can be used and what is prohibited.,The software license agreement describes how users should interact with the software and what the consumer's rights are,No,No,I'm not sure,4 - Medium effort,Yes,3
2025-01-27 08:11:26,2025-01-27 08:17:55,IP Address,92.108.23.12,100,388,True,2025-01-27 08:17:56,R_8PcxjIG7vHDhTyO,,,,,52.4982,4.939,anonymous,EN,21-24,Male,(Natural) Sciences/Mathematics/IT,Master's,,No,5 - Distinguished,No,1 - Never,Yes,3 - Average,4,Yes,Yes,"In this simplified version, some things are less clear. For example: what is ""it"" in section 3 article 2. ",I’m not sure,Yes,False,True,False,False,,False,True,True,True,True,To outline how the software can be used and what is prohibited.,"The key point is that you are licensing this software for use on a personal apple device, and do not own or control basically any part of it.",No,Yes,I'm not sure,2 - Little effort,No,2
2025-01-27 11:11:32,2025-01-27 11:15:12,IP Address,62.163.187.60,100,219,True,2025-01-27 11:15:12,R_89nXpFhZGN4vwgU,,,,,52.4452,4.8406,anonymous,EN,21-24,Female,(Natural) Sciences/Mathematics/IT,Master's,,No,4 - Superior,No,2 - Very rarely,Yes,3 - Average,5,I’m not sure / I haven’t read other legal texts,Yes,,Yes,Yes,,True,False,False,True,False,True,,False,True,To outline how the software can be used and what is prohibited.,,Yes,Yes,Yes,2 - Little effort,No,3
